{
  "meta_title": "",
  "meta_description": "",
  "sections": [
    {
      "type": "banner-slider",
      "autoplay": 0,
      "slides": [
        {
          "start": "2021-05-27T19:38:35.921Z",
          "end": "",
          "img": "/img/uploads/banner-01.jpg",
          "mobile_img": "/img/uploads/banner-01.jpg"
        }
      ]
    },
    {
      "type": "info-bar",
      "enabled": true
    },
    {
      "type": "collection-shelf",
      "shuffle": true,
      "collection_id": "607ec5d39065272629c1b4c6:categories:Smartphones:/smartphones",
      "limit": 12,
      "page": 1,
      "sort": "highest_price"
    },
    {
      "type": "brands-carousel",
      "limit": 24,
      "offset": 0
    },
    {
      "type": "page-title",
      "title": "Loja do Allu",
      "description": "Os melhores eletrônicos seminovos do mercado"
    }
  ]
}